"","d_rate","r_number"
"1",0.0324692967908335,6.79682677750672
"2",0.152682904770824,4.45325212626532
"3",0.0732562043640763,5.62240148010927
"4",0.0505356475189356,5.21108697269236
"5",0.0599330479886212,5.77698373266428
"6",0.043862425588716,5.4710837273925
"7",0.0625496091869346,4.69668467087285
"8",0.0850802064629652,5.37336552149802
"9",0.0238368828752105,9.59557245327047
"10",0.134800514969472,5.11619727067371
"11",0.0672947537234469,5.6085159642138
"12",0.0967699869495991,12.4303788768382
"13",0.0341803810675682,3.91989687537456
"14",0.057235260858476,3.86145287036438
"15",0.0442895986112045,4.08841312293209
"16",0.070610612201252,3.715847993935
"17",0.105855751706896,7.00171718888748
"18",0.0915649338821124,20.17699645862
"19",0.123608304850837,10.0132207621453
"20",0.120772244329419,8.98958495575996
"21",0.0463722128318795,4.68114050881476
"22",0.11777619595956,3.64322110609567
"23",0.0535548726766844,1.97632012590218
"24",0.0603074279561208,3.80392754749181
"25",0.0458672542351779,6.84608002333595
"26",0.0554343312203254,4.84860655154533
"27",0.0554381840041265,3.88839512813715
"28",0.0613253511250931,11.614386215885
"29",0.0710025844966319,12.7145523211256
"30",0.0173197964708769,3.0650597563535
"31",0.0716641553452504,6.26396169956015
"32",0.0298554833158115,7.71934711091308
"33",0.0407472078945576,6.41444978103433
"34",0.0822881675534995,10.4879530195535
"35",0.0513920521004315,5.92784591477825
"36",0.0370590701647752,6.1492914882851
"37",0.0499738881129965,12.8617238912008
"38",0.0802336132359414,11.251982225963
"39",0.161289507836438,12.812799040293
"40",0.15191735584187,3.44813609554417
"41",0.07999433151695,5.84130948811239
"42",0.192199830132529,4.83944630770562
"43",0.0618129930848738,7.51277507001871
"44",0.0203142667935562,11.0256838190027
"45",0.0311445875643099,2.13850021988268
"46",0.0920823108966467,5.07822353610257
"47",0.0891032778624195,5.39089243940436
"48",0.046253215484311,7.39389494789367
"49",0.159124811429474,3.4187066398555
"50",0.0517452914254149,4.18978969802443
"51",0.0524849489094068,7.60451047650521
"52",0.245472576051955,6.23146278360398
"53",0.084857147016069,7.50169344801348
"54",0.0103131043698877,2.16011124397335
"55",0.0626939033155288,3.61828150987264
"56",0.0538821213712834,5.4318947359733
"57",0.0331140870956724,7.28760475005488
"58",0.0732198128883882,8.86885145352888
"59",0.0460559654332448,5.79520855582758
"60",0.0379969995561011,7.35739380335542
"61",0.0322327442000817,5.64747532961279
"62",0.0735202519526766,4.07168075351898
"63",0.101141272567268,6.19478479306136
"64",0.0656743005382632,3.73932667084474
"65",0.113153424310062,4.10057072813791
"66",0.0404360541702393,6.1730693535535
"67",0.0599891242223237,9.39760434720488
"68",0.0706374949882367,4.1727457965472
"69",0.042363362973402,5.33337697534085
"70",0.0855390988338211,5.39985438809082
"71",0.0839652374972321,5.3878989221055
"72",0.035963483634206,4.33833225804853
"73",0.0416752066924572,12.826890137839
"74",0.0589677315412447,6.68233182953622
"75",0.0653345761202544,5.13599530234043
"76",0.103941538482077,2.57190571295238
"77",0.1933467040125,4.04365174307871
"78",0.144287784163336,4.0427979800329
"79",0.186408364441467,5.67481947660654
"80",0.0847629468208479,6.61733103698423
"81",0.0246445683239361,4.61601867671656
"82",0.061744355423314,3.6732819590639
"83",0.150974717868136,5.36161779923143
"84",0.170399022003502,3.88645075058432
"85",0.0835822345698481,3.6520412756629
"86",0.0755679292211671,10.2055269683759
"87",0.191731660754753,8.49653941876885
"88",0.0384043727018332,5.1906962227975
"89",0.0775647483123709,2.85165244224663
"90",0.0564156826168288,2.00262010973457
"91",0.0238183478205472,1.7933428761668
"92",0.0630651129016259,3.22449858199966
"93",0.0413478044604488,8.47323600003538
"94",0.0390844166903508,7.50168923879253
"95",0.0361166245326158,8.94446964066643
"96",0.031641459381579,8.50863526422397
"97",0.0730958611886615,9.01717226565976
"98",0.13431522327973,6.39025219181294
"99",0.0539349460167795,4.94204729624908
"100",0.0594534108038428,11.7627124414271
"101",0.0618844020167946,4.84728048923877
"102",0.118314472720068,3.98493559027487
"103",0.0373647179003525,4.54300025229607
"104",0.066062801604095,4.71230651158101
"105",0.0371137332306903,6.90806343516903
"106",0.077604236820763,3.63455054072641
"107",0.127700139790463,4.95860438399676
"108",0.0452630118147953,6.04473111612285
"109",0.0339025575960404,3.73058928538732
"110",0.170402939844842,5.06884005611572
"111",0.0315878786838934,6.93508953408987
"112",0.0581490522143563,4.24856574284822
"113",0.0439775163610085,4.60990987951292
"114",0.0449591252211895,4.80977434866505
"115",0.0252076946016737,6.14232440936207
"116",0.0386828321323764,11.2597163465048
"117",0.0996736234933365,5.43339799769787
"118",0.0550506609941936,5.60088671415778
"119",0.0184702328998518,3.82498781241719
"120",0.0652118047797788,7.23432328378535
"121",0.0882373694069044,3.17523637717248
"122",0.0530969724483566,4.12194724790728
"123",0.0594384084564317,5.33241509424639
"124",0.0486675890481809,4.92504727309547
"125",0.0423729233567725,4.24524176231112
"126",0.12117593354165,5.74452682996622
"127",0.078551238475772,12.4058759823261
"128",0.0468443011876579,11.3497883796534
"129",0.0236538129825703,4.39737678165766
"130",0.0233091938306604,8.69081469834319
"131",0.0130498617449127,11.9843027879964
"132",0.0528565960352804,6.85477165845151
"133",0.0895429017665637,5.62890856953173
"134",0.0258496947835999,3.49889002798451
"135",0.0406323295227762,5.50829873521131
"136",0.0431966919376947,5.23661989605968
"137",0.0614505200479816,7.50401027340143
"138",0.071238229723827,5.91604907508438
"139",0.106588804691162,4.33453723350071
"140",0.0599628244714056,5.06813726660535
"141",0.14707773701433,6.63585533100376
"142",0.102075384350416,15.0021292742364
"143",0.0296286894130333,8.0564590396707
"144",0.0676911135168078,3.27511472559066
"145",0.0362656296904068,4.14080432221786
"146",0.0333883975204753,5.53786086796779
"147",0.0818967934938347,5.02343565166923
"148",0.149588566176227,5.51749358737559
"149",0.105512442875296,5.10554582859082
"150",0.0479501598821678,7.07167196480742
"151",0.0498645251636139,6.23097169922546
"152",0.0513555023343776,2.71351157988475
"153",0.032145442760555,5.83498589545642
"154",0.0636056680662133,2.90522460261138
"155",0.0561160316229617,5.38815394709213
"156",0.0796839342420169,4.43922215852766
"157",0.100911214367687,4.70320627293446
"158",0.092620151853481,9.83764847387895
"159",0.0175216942074429,11.8696358859536
"160",0.0490264932460169,1.87834759330972
"161",0.103386733938092,5.92558245935345
"162",0.0474636942288752,7.49283652512606
"163",0.116066548137588,6.49268084215838
"164",0.0150434179278735,2.86154762507423
"165",0.0494099982137752,3.96126012477143
"166",0.0461864482738112,3.31249913102198
"167",0.0462040054413095,4.62295415226492
"168",0.0386063233693689,4.40211563908503
"169",0.0250265441490704,4.72959765002375
"170",0.0578449471662941,3.46450892937908
"171",0.0565548220260745,6.17755178670275
"172",0.0728823843472901,4.72857766577456
"173",0.0329505905706372,5.21046973985988
"174",0.150274750187112,6.13971737899794
"175",0.0121110492306172,1.63516281575858
"176",0.0205780344493073,4.56060396511324
"177",0.0316552248210376,4.55883573887734
"178",0.110230511635909,4.62785008120688
"179",0.102642621191097,8.77835725150116
"180",0.0427529370501712,4.98382375217796
"181",0.0670794788376936,6.32236731805541
"182",0.0861288980455561,2.77278037444463
"183",0.16816871200518,6.00237102838745
"184",0.0492767294633134,3.9272572132054
"185",0.0466717419485594,5.92845532552885
"186",0.0942251495448563,4.21596307831811
"187",0.072552309958355,4.35843114836079
"188",0.0383536144843786,5.24567121763719
"189",0.0824838375141349,4.57588413130875
"190",0.0539588552474096,8.74335037506307
"191",0.0841864403939743,3.72395219316517
"192",0.0406769841477116,3.73702473899204
"193",0.117515784590876,4.00696688641332
"194",0.0311026355608576,5.67029277333406
"195",0.0239371275614317,8.67023720863248
"196",0.0750728405025608,2.34164756291467
"197",0.0614407997610457,6.5188998683182
"198",0.0152006074767846,11.9185376780941
"199",0.0493531035580432,3.00511821329274
"200",0.0617039176758751,6.2484354274216
"201",0.121640153980242,8.7269198244707
"202",0.0160918328822873,4.69505754876837
"203",0.0823248519974476,3.06753963418265
"204",0.0207856088482451,4.70530516556197
"205",0.125467907548742,4.45285411551954
"206",0.0535579475347343,8.25740200604496
"207",0.0320363110233304,6.74819329248673
"208",0.0433446462003174,7.69429699700195
"209",0.0773973368780837,6.70834851488219
"210",0.0668431026635097,4.33189001333538
"211",0.129499179001602,5.12322246079265
"212",0.0585929094284944,7.39719691908468
"213",0.142529337807954,5.72412120261975
"214",0.194116999789248,4.11476359219095
"215",0.0977277442462965,4.49498038127755
"216",0.0721842783942645,4.3096281192146
"217",0.153406770207496,5.31692611344156
"218",0.264603601286989,5.0007081776077
"219",0.0542884690825779,7.47430107315315
"220",0.0417246809283837,5.04613222191708
"221",0.0340270174235215,4.73891848547734
"222",0.0886040716293064,3.88405161499626
"223",0.0986331205262782,6.27544618382213
"224",0.027419765850024,6.2412365217976
"225",0.0762046974364397,8.78613672987833
"226",0.0537118564120036,6.08602324041305
"227",0.0734192097565148,5.91277414128315
"228",0.0413737450581961,7.05229535914925
"229",0.124006882514413,4.27648637979244
"230",0.0930285216409153,4.22858401092944
"231",0.115806566895421,7.82767072681812
"232",0.115616584210605,7.75619123954309
"233",0.0946939309918116,3.78226374192365
"234",0.0146878410873154,8.7245398269076
"235",0.0356392270146099,6.48882378979911
"236",0.105526636739934,2.6597523320572
"237",0.182966629391746,5.20842499695853
"238",0.0408819544355972,2.66575059114871
"239",0.141537018952104,5.35208668768285
"240",0.020223114325203,4.04186569500202
"241",0.0549753235141967,6.08241921201184
"242",0.0594095470304623,12.3740833139305
"243",0.0130010456255815,5.39369611700916
"244",0.0702060816660486,4.96316650492643
"245",0.0383632689951045,4.59875370714851
"246",0.17666071560463,7.39208100887656
"247",0.0347565502096859,8.33154927020501
"248",0.196176249434833,9.60956917091874
"249",0.0861116640636015,8.83641850449195
"250",0.0371766628331186,5.05156195896874
"251",0.0298714997142595,4.52855722945719
"252",0.0345623881026773,7.42637689624974
"253",0.0310574873684789,7.05967910065478
"254",0.0223472449738587,5.46023091509587
"255",0.116492740060026,8.00532940777863
"256",0.04359952484838,4.81361184552915
"257",0.114675549637275,1.91709923044417
"258",0.16916876755567,7.40645312599637
"259",0.0430769267130229,4.80642833737969
"260",0.0133669626604529,5.14168668259288
"261",0.0564056889576044,3.98315052808155
"262",0.09711830877865,3.84483329549589
"263",0.0828714808870335,8.24833961398614
"264",0.0605334283378624,8.42323750147349
"265",0.0754238670759051,7.05043865481299
"266",0.0383816083409457,4.71308856573223
"267",0.0508844289157821,3.1904912780673
"268",0.0463306973621,3.94407798483257
"269",0.106545386107215,4.99830278328071
"270",0.0381926645790569,5.13020889004392
"271",0.103988760465025,2.59021504868863
"272",0.0372194127377471,7.63678079548173
"273",0.0762558062705295,4.07735771015649
"274",0.091106369239107,2.59030020105618
"275",0.098763642880498,5.00136894081054
"276",0.0502560662770835,3.75925707027303
"277",0.0500357200521504,6.23068421786902
"278",0.0620745975058568,5.46646429117049
"279",0.0994311903962556,4.18164751760267
"280",0.0532880404798763,4.69050895975787
"281",0.0119514411719278,6.52528252361969
"282",0.151696171499207,6.8174910424582
"283",0.0830032279614572,6.35715058096511
"284",0.0726538178914431,3.87133183289801
"285",0.0575703929102456,5.53187946547645
"286",0.0471727922137556,3.94673658973763
"287",0.108380878417358,6.14765635658553
"288",0.0641122867925889,4.25046389403206
"289",0.0494399996261826,7.06628209472935
"290",0.145102294194119,6.21534249635793
"291",0.0499639968558732,4.62199537324495
"292",0.0577946852705747,8.18442247014028
"293",0.0858924925578969,4.12223698256489
"294",0.0313956813867367,6.71154418872328
"295",0.0316977553771821,4.20299475086272
"296",0.0170473534214634,4.34961546469987
"297",0.0422345883064519,3.57428071084375
"298",0.0590013715145148,5.34369137108443
"299",0.0641678840122743,7.24449654631753
"300",0.0375115346994659,3.98639329523021
"301",0.167333749725493,9.07232178583057
"302",0.044840961899697,5.86332670459501
"303",0.0792854974199188,6.26748323041814
"304",0.101478607991443,4.89822183269595
"305",0.0442210215462291,5.46221279913527
"306",0.0380697187471857,5.72724558399913
"307",0.0452445913070957,10.3046898071724
"308",0.0306766996770902,2.65799074941749
"309",0.0219393320861351,3.70345012378382
"310",0.0678796973836868,8.28952164524282
"311",0.0578058492374872,4.11623764290552
"312",0.0472307810417688,6.11053052330988
"313",0.0320722492215698,6.05625317860677
"314",0.0685304744969198,3.90254705363373
"315",0.0399675353240878,7.51965776931331
"316",0.125137043602476,6.76973579424237
"317",0.0921781518081607,4.36117197116478
"318",0.0449368676154906,5.34324452338655
"319",0.172464812224447,7.24421368285199
"320",0.0465267657928529,2.12224543553758
"321",0.0433548730936251,3.78762034574356
"322",0.0929151641817063,10.5884875149163
"323",0.114246484279987,6.62749599031707
"324",0.0856979085118416,4.24213261460384
"325",0.0604538892500747,5.98159719953153
"326",0.0375448181924387,7.43192520791063
"327",0.0499735129893287,7.40505331880065
"328",0.0901235480830773,6.32365734106645
"329",0.113980746568446,5.6557332349191
"330",0.0948563753957791,3.59389977183915
"331",0.106493862985245,3.39419258276466
"332",0.0555086117389795,8.25503190295343
"333",0.110517894583584,4.20996395177997
"334",0.097186122893466,6.95131323824956
"335",0.0913046191706086,3.82408606542143
"336",0.0694727670737063,3.06720948586706
"337",0.191849772831512,7.21102997401224
"338",0.0173229062331152,7.12047483687117
"339",0.0391137958199447,7.64408871360226
"340",0.256711274771349,4.89050683741829
"341",0.182925805318615,9.81105828672548
"342",0.0345590902443183,6.44136862385015
"343",0.0603523861334721,7.14316758141626
"344",0.0275402096098321,7.09078275807097
"345",0.027051726092676,6.34947413368691
"346",0.0587399249616243,7.14078586204621
"347",0.0573857196193378,5.26915352661373
"348",0.0275637710438344,5.39184615042833
"349",0.0237291436003919,3.45202678365299
"350",0.0818219151215296,7.75848143272304
"351",0.0452531485001614,5.08128208132815
"352",0.102012439511441,6.70089464108773
"353",0.125371951117359,4.48678917960838
"354",0.0755458853876912,3.14000613031737
"355",0.0361238097283023,4.49584451540968
"356",0.141113449140255,6.48318292777929
"357",0.0318534568001645,5.85246600341436
"358",0.0481668202407692,3.42389655599454
"359",0.050727067085499,3.84279375692414
"360",0.0622515386030235,3.6221014785974
"361",0.0688383070720312,4.9969793564048
"362",0.03461421280898,5.50257168557707
"363",0.087670329726812,2.97384745747001
"364",0.0340770367404168,2.95250085344685
"365",0.0490885818528516,4.1473055825801
"366",0.113635852290194,3.68620282107914
"367",0.116855172128844,4.90051496733555
"368",0.0220104956259749,3.39572165150018
"369",0.0228773054340689,5.32496625585479
"370",0.0600153640721848,4.44945298275691
"371",0.141940382576961,8.99684510896723
"372",0.0399510911682912,7.88608798798696
"373",0.0265933535920233,4.98444090623023
"374",0.0174060603729974,3.15622889962326
"375",0.0511026601085728,7.73371433904716
"376",0.0191421788922608,3.76623804885024
"377",0.0212414517525106,5.75444671039993
"378",0.0193636611468827,4.1716329308692
"379",0.264196821862413,4.2267017589412
"380",0.0946499434037408,3.72715964079016
"381",0.0507992417669644,3.99881452462825
"382",0.0860416748223319,4.88512375674423
"383",0.108962837716176,3.40516368348713
"384",0.0778388204555846,4.17305260800895
"385",0.0958028964108947,7.21794808571618
"386",0.0672789818744243,3.49662422041209
"387",0.0626772317516209,4.90626549951409
"388",0.0708696184193014,5.452842187461
"389",0.0666166459626608,3.73853752970125
"390",0.0329446674502716,14.3713705274244
"391",0.0398749474922438,5.63021617605144
"392",0.0475588532038644,6.99501456158187
"393",0.0266906284804296,4.8521597127261
"394",0.0561752619356937,5.92864920710831
"395",0.0353538035849091,5.46805959881179
"396",0.276923362870214,4.65875442696339
"397",0.0528976676011672,6.41132404434085
"398",0.0338181245300209,11.0318837293666
"399",0.0292933175662114,5.31023672635658
"400",0.034120739071281,7.04925527793524
"401",0.0274864362028392,6.14661714644858
"402",0.0818692454981696,8.5536704173251
"403",0.214423879687669,5.09329603224711
"404",0.127404122104491,11.4563119053096
"405",0.0273108331185926,6.63842958542307
"406",0.0449649748654717,9.25460705202043
"407",0.0351296487224096,5.75975264032293
"408",0.0277030723304721,7.46239669662562
"409",0.0884124041728061,4.9962690311048
"410",0.0326991070819787,6.32115272407123
"411",0.0622625338333291,2.32525636404581
"412",0.0653559535945652,4.6717391129228
"413",0.029766333211349,3.7387844523834
"414",0.0492217062155081,5.10236153212832
"415",0.108552086383456,4.23792076591584
"416",0.0384383723573868,6.13398627393355
"417",0.0843417566121943,3.95512316973117
"418",0.016382702485245,4.3767724464124
"419",0.051367093471148,8.19329809213261
"420",0.0519884009564531,6.95549145885428
"421",0.0465814948103732,6.23931356136901
"422",0.0568851049375338,4.36627786711198
"423",0.0760547908570051,2.83154212055777
"424",0.0554814776713818,2.4710157098
"425",0.12104071297564,5.33556705435684
"426",0.0635752446145477,4.14465542110506
"427",0.136077884762878,3.56638277211821
"428",0.139640213671354,11.0526704558619
"429",0.0774146647213256,3.66074148679579
"430",0.0860427637334583,6.07484646774723
"431",0.0512029567042803,5.46340312382388
"432",0.036665877139827,3.44753696590755
"433",0.0968773862422858,3.2220310697995
"434",0.070932551717665,3.55690610772771
"435",0.0450644389896872,7.87921115141038
"436",0.162149205612517,3.73992308738109
"437",0.0312684554920872,5.72693843556447
"438",0.0364694155663683,4.95613778750044
"439",0.0441802931744377,7.47008522440423
"440",0.0997339847205929,3.35382099923753
"441",0.0682037835020249,3.43950494049876
"442",0.124732026798445,3.34724708921994
"443",0.174592493202362,7.68664984123763
"444",0.0467704006294414,7.46950644696536
"445",0.0910665784785493,3.47556171666689
"446",0.0490509170120769,5.38239403185049
"447",0.0795224168003096,5.36086877942726
"448",0.0824791283817653,3.59957216674518
"449",0.0750589314037824,3.77259980564518
"450",0.115758316220268,4.89144662724466
"451",0.122784740346497,4.70270048689527
"452",0.0524176901682952,5.85613186643064
"453",0.0397178841229617,3.13826614867076
"454",0.0410686881171728,4.43830871629262
"455",0.13559218608238,6.03016731547068
"456",0.125438588818638,6.62716005451048
"457",0.0399059476264563,5.30729504858275
"458",0.1126779492569,10.1952533668682
"459",0.0640374406720233,5.69375639760268
"460",0.0387916050305551,6.97320992839506
"461",0.145618704186079,5.04421117108778
"462",0.033719171483869,4.92667058095794
"463",0.200027973763855,12.5585339370514
"464",0.0987783975240705,6.23113498830481
"465",0.0829064095381051,7.39211368664192
"466",0.0340585624951827,11.3921668582547
"467",0.0945997307955408,7.36044811822094
"468",0.0953544690357665,5.15761865944497
"469",0.0217281773551801,4.52422019510047
"470",0.04008173705484,3.8850981387124
"471",0.0144065904264111,6.61012755513194
"472",0.123458508592236,3.5666688849897
"473",0.0400118355017318,3.31969427070558
"474",0.12816288309507,5.77716108178231
"475",0.0406912356581782,3.7779983904269
"476",0.255132027100726,2.50349763330469
"477",0.0521333837710516,12.3829936889454
"478",0.0564783404422131,6.84476043342681
"479",0.031310637725239,11.177847947357
"480",0.133981987608167,2.66331177199678
"481",0.0373576190097661,11.0589353988468
"482",0.328439417635164,5.21941503210387
"483",0.0978765521211675,6.50589082121333
"484",0.0441763374589322,5.3619403220209
"485",0.0290927032268648,3.35030848588595
"486",0.0711269932947802,3.84320929916519
"487",0.0538292894174464,4.0206906602245
"488",0.063106758611866,9.90196092768303
"489",0.0354587242723446,3.49422595791855
"490",0.115970801835217,4.99461306368283
"491",0.0482957288896435,2.87147850760728
"492",0.26651853718678,5.63860480015116
"493",0.0804594475571431,7.03683064831067
"494",0.0291148669717705,4.47423538742667
"495",0.21016207246818,5.06123726472461
"496",0.0610842044461866,5.77578975592558
"497",0.165871218873483,5.44852972042545
"498",0.0373555625969815,4.12435436556406
"499",0.130180259592979,6.26037129069188
"500",0.0929890817913407,7.02496098510804
"501",0.040077124781066,5.26987476132683
"502",0.153163091395643,4.96696792374456
"503",0.0214078792541673,7.65279974706208
"504",0.0410296187123198,4.16197107954993
"505",0.0966113736189941,1.93791992075505
"506",0.0262882820389271,5.09040346133949
"507",0.103451894873783,4.53328458461587
"508",0.191625140995269,3.82913725455538
"509",0.0653531408439075,5.453672871927
"510",0.147464086569853,9.49927737041511
"511",0.054319250455459,2.56616449262949
"512",0.0313815745645987,4.38842877788487
"513",0.0359586349339535,5.75639431415703
"514",0.0508931141107832,4.62546568704767
"515",0.0588213814429845,3.36400471161642
"516",0.0918110239728498,4.23233955852456
"517",0.0709176493292637,3.82627912424312
"518",0.16003738583775,8.7962813113289
"519",0.0906412436579029,4.60140247065727
"520",0.0669421069885726,7.96168689698422
"521",0.234477323412779,2.74126095084564
"522",0.0388077271078571,5.2002399780706
"523",0.0915466635865791,6.48485564258625
"524",0.0501071740448537,6.82244702650751
"525",0.177709182219598,7.43600013558037
"526",0.0984779476977047,9.19639301792916
"527",0.157537603851423,1.82274514542862
"528",0.0192271602033355,2.9668625037966
"529",0.0429449146677234,7.80663637824955
"530",0.0588537484528845,7.703839939673
"531",0.214158244906566,2.76212481435552
"532",0.057275663099453,3.00723062401478
"533",0.0234711123940485,2.57944174336716
"534",0.0561360632994768,3.12383688329382
"535",0.0981670821005051,7.96639545870379
"536",0.0283971488300047,6.77643719145155
"537",0.0223230836918836,4.68292647921453
"538",0.0153082416203088,5.98166558608732
"539",0.0306166753383136,6.14052858756249
"540",0.0343998330270957,3.83942977444901
"541",0.0366238649238877,8.70246569545305
"542",0.0330077470738155,5.46495000762645
"543",0.0614674011834729,4.72128164791754
"544",0.0398032138990974,6.17593731171077
"545",0.0484814846266816,5.93912917009125
"546",0.112541242753017,6.59143913763366
"547",0.0721572698789827,2.02057613648715
"548",0.106912447978011,4.79802245587721
"549",0.0489375388422329,5.37983160283174
"550",0.0911571587727388,3.89669296810727
"551",0.0657319908360235,5.7447193021798
"552",0.0731175863875747,5.60365096242539
"553",0.0355672703663,5.33985496779951
"554",0.0690832143978845,3.00648830541131
"555",0.0782970423096001,8.6099244947802
"556",0.106140417314706,3.64600863160382
"557",0.018525002517383,4.14383889755128
"558",0.0449660093403096,3.47716669153401
"559",0.0834062997468318,4.49928227478169
"560",0.0968477559497053,3.93414173975775
"561",0.0269379656372203,4.6946942659615
"562",0.0798315689310611,3.73562486382571
"563",0.0680464365968473,4.15132503807146
"564",0.0756954133067364,6.95980001413637
"565",0.022675752699054,6.66257929609057
"566",0.0506705671431304,6.70398186593119
"567",0.218934637833121,5.62252436615829
"568",0.0598715207416428,5.28011288296275
"569",0.0163803253118761,7.23719969689811
"570",0.052346571085367,2.46137735034481
"571",0.017701895987775,5.14086970619232
"572",0.0348260573934192,6.56382419025067
"573",0.0918942901898211,6.39265374115497
"574",0.0719214211839699,5.31401863398535
"575",0.0438368647000976,4.07135292111405
"576",0.0693662662314834,6.35670276367761
"577",0.088666566007599,2.73109486287039
"578",0.118888681589082,4.24869687215302
"579",0.0902288821837481,3.95928343988722
"580",0.0488965042762311,5.00791238362636
"581",0.0447224619935993,3.73218669784229
"582",0.0207431444709448,5.14394092453124
"583",0.0596656963903831,5.03559233229725
"584",0.081736687337077,5.68980803427881
"585",0.186317294080667,3.69657980362655
"586",0.105756114299678,2.91802525469907
"587",0.0316372463535324,2.85555468027535
"588",0.12584878039197,6.49086760263896
"589",0.0376263770063682,4.36392111424511
"590",0.0437130157005036,6.24625385388787
"591",0.0518479840907466,3.94691398609535
"592",0.014643666905138,4.9871505555706
"593",0.0897498478612768,4.53680953484293
"594",0.0655994192735187,5.77790167507376
"595",0.0425120259132377,11.1002717318366
"596",0.142317620911079,2.61374208851698
"597",0.0633677549928878,6.46118265140043
"598",0.053733555187859,6.114563719628
"599",0.158341158551841,4.85898324046632
"600",0.0308789567879044,4.54230209923185
"601",0.0359151972409136,7.78050910849866
"602",0.0712587313897431,12.8363813972561
"603",0.0569462046642759,7.48067077146794
"604",0.0284248779692618,12.479483183273
"605",0.0595388256618764,4.82634675149387
"606",0.0476192408222342,4.86410831094911
"607",0.0527387910595281,7.48769968001429
"608",0.0144464805539098,3.97026200412601
"609",0.127647840637421,4.02536183783539
"610",0.15975278211341,5.02765784096925
"611",0.0339141448718681,3.56893612019066
"612",0.0641512378303816,9.73090503473534
"613",0.0400134148464365,3.13977330672041
"614",0.0339884808123667,4.40914476604001
"615",0.0646929212319381,8.62209803360873
"616",0.0260870242277703,2.97512425670909
"617",0.0575089685595582,7.30856181372129
"618",0.0477096223374639,13.0858090077181
"619",0.0694008558224404,4.24494762616813
"620",0.0572548110178939,7.53200089958076
"621",0.118454207391838,5.93656890949719
"622",0.178667030197212,6.01861243939949
"623",0.259697563359009,4.51361750062416
"624",0.0381387727429108,3.79403657300091
"625",0.112614515421972,3.36604948391029
"626",0.0254523846356119,5.60286635278128
"627",0.0521112663348495,3.16079352238339
"628",0.0766669942355332,4.19070170366363
"629",0.182780939034115,3.67769553983563
"630",0.0401511258153312,3.50469424550325
"631",0.0342242320555077,2.01179064428506
"632",0.104521643630057,8.13016498477959
"633",0.111546290177575,6.17032549997138
"634",0.0262449776878346,4.0256916429569
"635",0.0480387190378781,12.2192482329966
"636",0.090500742234699,7.16363050320821
"637",0.0256933754512643,5.68735434566729
"638",0.169362286206052,4.71765182673048
"639",0.0474863661315015,4.9487443274126
"640",0.0444730352132684,5.06846392178317
"641",0.0575683963398739,4.07690310366264
"642",0.0242915287415901,8.21026685475853
"643",0.0750048355175634,10.8665647450075
"644",0.0881830824140342,5.62123091586723
"645",0.071575450568331,3.66066422050757
"646",0.0367183126633606,5.35317983173648
"647",0.0866723564856237,4.27050067412799
"648",0.0228874578664276,3.40173997751787
"649",0.0707598281903244,7.96091372354936
"650",0.0194362372214425,8.0553820100894
"651",0.0976451932739566,9.37873482145299
"652",0.0517642152953394,6.89129189871196
"653",0.0181525133156538,5.48425503376097
"654",0.0388645019192898,2.98650914566404
"655",0.0447969933818932,5.75052249970997
"656",0.0515187381976735,4.11581536500411
"657",0.111756969785768,4.61040242246734
"658",0.0584287481906351,4.23849229853035
"659",0.0288868701053727,4.45585688125901
"660",0.0986915984394432,5.07422460336883
"661",0.0562159033972639,5.80079558307633
"662",0.0671913458644045,6.34561527258951
"663",0.0556312082177872,9.04905506799207
"664",0.0283327126887145,4.98258294597793
"665",0.0766796191163354,10.4938770056413
"666",0.114073030615927,7.20407975148954
"667",0.0344148284941881,3.99650319632269
"668",0.0693337674308188,7.29909832963652
"669",0.0961938095948572,5.60558471056648
"670",0.0751693936266363,12.3339457812164
"671",0.118152346164624,5.09212830254941
"672",0.0550685966851746,14.6858576869888
"673",0.00988095942505901,4.49801213572282
"674",0.0919005175915289,4.34441994143793
"675",0.0661159905513715,9.68007351588765
"676",0.0983305711611422,4.50923150016351
"677",0.0814075165147116,3.98972202450978
"678",0.0457264011833772,5.49221897840049
"679",0.0281192345743728,4.42499856919166
"680",0.0463146155091542,3.88904014356695
"681",0.0489504703842315,8.56174395246376
"682",0.0608878560546015,4.81856011829176
"683",0.0894708426277123,5.17974068264624
"684",0.102008206833998,5.69197869267687
"685",0.0545937093590893,9.89786375089719
"686",0.187154587549835,7.19156801411443
"687",0.0357832071349421,9.03390599063706
"688",0.0368351942537092,4.38044375678076
"689",0.0454198323895345,5.84467842296128
"690",0.0791503979113881,9.95393944974685
"691",0.035459845287765,6.77941779150776
"692",0.0819080489702932,5.02195674211719
"693",0.0111495514338149,4.50223762016021
"694",0.0728603077995038,3.24536297144023
"695",0.0513287889568559,3.89429830549777
"696",0.0708714788730356,2.70370536304097
"697",0.0248663156265313,7.35811418866396
"698",0.0825126509114116,5.44742840829519
"699",0.061771066438876,4.58800109476414
"700",0.0422227832660661,9.90536399338379
"701",0.0824053472603868,4.36498048081242
"702",0.00793343528721237,2.48375245637391
"703",0.0190611803692643,4.65893183145071
"704",0.0285215563810783,7.78842387141077
"705",0.166165715551201,11.0962119099026
"706",0.0538973577943926,4.85557059393909
"707",0.0846046411365455,4.27260043323667
"708",0.0609676687592162,3.80170652524735
"709",0.037203380993194,6.12826179231134
"710",0.0211252565069439,6.28278150400453
"711",0.00764345000715706,6.55749549862622
"712",0.0329876459399056,4.36352010437027
"713",0.0454574070315211,5.02958236567956
"714",0.173003503733012,4.38264722073662
"715",0.0557241828196977,3.93155917676946
"716",0.0714606661969685,7.80551509447219
"717",0.042198791647107,5.6868854823749
"718",0.0603350983065708,3.112693031235
"719",0.140380789710752,3.32849471883219
"720",0.0491968244693588,4.77732324724245
"721",0.0452778348850128,2.4246158067781
"722",0.0664644044183112,3.58039963195073
"723",0.0855215558079676,3.90627735536671
"724",0.0671270190256554,5.44163131611021
"725",0.0939737524536473,7.37259317853207
"726",0.100009731714339,13.2474640135281
"727",0.0523639271858953,9.1085454474203
"728",0.0384414259524749,2.35118343770507
"729",0.0356730638066237,3.64727284038468
"730",0.079574047054099,11.6173947944582
"731",0.0792977574131179,6.40564127695942
"732",0.0338937398799061,3.12752930799465
"733",0.0340098903599706,5.14066585851494
"734",0.0897473205385902,2.78334365553653
"735",0.0607086683702353,8.95047390920791
"736",0.043208874384759,3.87076389675176
"737",0.139819001100521,11.9118927503467
"738",0.0353911925455162,3.28605237811728
"739",0.074991295871963,4.19118028477978
"740",0.160005570051279,4.34924459535971
"741",0.0306344774317613,4.15910901936473
"742",0.0649307493238817,2.57876593006922
"743",0.178459055187944,6.80971058824021
"744",0.0249852911954969,3.78964129850014
"745",0.0959104250586369,6.93629899396767
"746",0.0281659760935467,8.91180241897015
"747",0.0912928650580204,2.90651163624831
"748",0.0288304036853014,5.03227520143063
"749",0.0728425005892105,3.55156493187667
"750",0.0845831482142747,4.65829171595253
"751",0.0430434329593648,11.7122960543413
"752",0.0704051732286768,5.35123875595105
"753",0.0201830733529287,4.85610254293504
"754",0.0501454322853109,6.12430458114533
"755",0.0325125353718196,3.918212752364
"756",0.0294286752636003,7.80776263664421
"757",0.0430936771718789,6.00463278409529
"758",0.0531487730148199,4.6144925918826
"759",0.123361516145865,7.75744671685692
"760",0.104007611810708,7.63078284450891
"761",0.0906985160970993,5.8993170301415
"762",0.0403173818260211,4.31605105071079
"763",0.089755468134285,4.0087085533641
"764",0.0960609985335837,5.95268138871139
"765",0.100568166855656,5.14236704278309
"766",0.0507184742144027,4.27547284595538
"767",0.0701358415437574,6.55991612582912
"768",0.0414681091517627,7.25582623074875
"769",0.0856043528901322,5.5859513090906
"770",0.0738780777223679,4.91648223211132
"771",0.0303497619850279,5.00105388560079
"772",0.115513598705815,7.13073795569212
"773",0.013345730884878,5.31735613335627
"774",0.0518438216511256,4.82177198425212
"775",0.0892669873887916,8.24547850525134
"776",0.0296679917084743,4.17261306032912
"777",0.0126679373326574,6.62843196399936
"778",0.0324309928063241,5.68593021556982
"779",0.105492165110541,5.16522511162998
"780",0.0608363882061653,4.2297403397969
"781",0.0163991610046696,5.80460652694833
"782",0.0289124226585104,6.62564134081395
"783",0.0751503194513044,5.94060935140197
"784",0.0308408880082073,4.58372718011514
"785",0.0973495625881374,5.26123651747412
"786",0.0960770101751224,5.2993585364258
"787",0.139502056664412,6.77750302245905
"788",0.111945245676275,7.95669058099565
"789",0.062742055314404,5.02903040363927
"790",0.0753515441212906,4.13986362609171
"791",0.0664594900636754,6.00457473722836
"792",0.0330921219346328,4.85492663260466
"793",0.0526331988690688,2.89858981904242
"794",0.0799737007913304,3.93973325357117
"795",0.143351737771156,6.96236909894647
"796",0.118071077608346,6.81609448536917
"797",0.0436110128845376,3.19759135738391
"798",0.203276879072115,4.91337547410365
"799",0.0639325456061445,5.32900287934716
"800",0.152807894436183,3.79154543498403
"801",0.0504325725468108,7.41920957612817
"802",0.0548819818191178,5.12181914541291
"803",0.0181438546425615,5.41021607097589
"804",0.0587734613476669,3.36488747283535
"805",0.062805834325742,12.760674075908
"806",0.0747468066690277,10.5318946041567
"807",0.0905841074932962,5.69311151274683
"808",0.0226857928494278,2.89170437464912
"809",0.0917181948277501,5.96338492498787
"810",0.188344543585283,4.75981771952777
"811",0.0683075316595365,3.93483173696355
"812",0.161115240209824,3.82861068414273
"813",0.049620006009712,3.63927198884606
"814",0.11362671043738,6.47328597637113
"815",0.0294785471671331,4.67756693650535
"816",0.0877826555987921,2.23110810012516
"817",0.100285526534272,2.87277501724621
"818",0.0631487481597283,5.63867379261587
"819",0.0579969251115213,3.35379817305155
"820",0.0166753015573108,3.41532657455403
"821",0.243914267495992,4.15244694730352
"822",0.0264027349675206,5.55336211807227
"823",0.0302905786951041,6.56035233578305
"824",0.0526451969796196,5.2766251822308
"825",0.0559384054682327,5.78056463019925
"826",0.0874907352513288,7.28334693703054
"827",0.0844810730277632,4.51653292256873
"828",0.037228677634049,4.43507452422872
"829",0.161312140226084,3.00341179395642
"830",0.0990285051413475,8.15979780916303
"831",0.0794119936437011,4.99016150833248
"832",0.0560459012586615,4.99151364695584
"833",0.088058847543071,5.49744356723731
"834",0.0515909995811114,5.11210128959985
"835",0.146868297442057,9.22621276114179
"836",0.0517708141126269,3.91696807258129
"837",0.1074322493365,5.96216321517064
"838",0.156778158970117,4.42892816802609
"839",0.342232344299955,2.35076419266709
"840",0.0801689006212489,6.03036613947572
"841",0.0314769843764088,3.62856734162296
"842",0.163675469796844,5.65729403774138
"843",0.0875699559597038,5.71400554719876
"844",0.194956094105216,2.92058889302864
"845",0.0192417540108308,6.89480745499791
"846",0.0537943093924165,3.38750522711558
"847",0.0479011972392386,6.35468534850207
"848",0.127626450683314,9.7716105829857
"849",0.0741067942755534,6.74719061973299
"850",0.0832855976864284,3.30152957917546
"851",0.0287579575766398,6.94182268865104
"852",0.0287816155361471,6.35273032202485
"853",0.0246961965073264,4.06388166807385
"854",0.0740753561847401,7.48094493036548
"855",0.209435139635291,5.60636784876696
"856",0.0942443193618982,10.0458492971519
"857",0.00814878413883102,5.90029622458141
"858",0.0775224527032869,5.30845715876343
"859",0.0907115544964302,3.90497756703188
"860",0.110654683397298,7.48107490035251
"861",0.107296412488428,5.96980034335904
"862",0.015123072281594,6.52120080923294
"863",0.0221206275904679,6.84973615104751
"864",0.0824257465063482,4.96190143682107
"865",0.0488812353629153,5.78548260139705
"866",0.0684965484199256,5.65351297205719
"867",0.0684583315470044,7.37899582340957
"868",0.0292290737567078,8.65966670196835
"869",0.0670111599442021,5.6752408265696
"870",0.0272389552126326,7.31766665757057
"871",0.0804926371265437,1.95523958417113
"872",0.0430841471261575,6.23231726840233
"873",0.0322732278460861,9.26378380947138
"874",0.0138730194237617,2.48056979121043
"875",0.104121549032265,4.06310129083664
"876",0.0574026167819974,6.05417687911121
"877",0.0315983724935457,5.74746329067507
"878",0.050705704024038,8.06166811661984
"879",0.19035621326692,4.70963185737615
"880",0.021255960081367,3.90226994297242
"881",0.0693156050795848,5.4496533520919
"882",0.0775437481687378,3.84500679012573
"883",0.0489494869193121,6.69283920745307
"884",0.124370477084653,7.19365503807992
"885",0.0607380454656354,6.81156240285267
"886",0.0199797192616726,3.26551936045084
"887",0.0175279837498567,3.91729001455946
"888",0.0613897183950994,5.7502254196415
"889",0.077886395683077,6.5694765696921
"890",0.0777234324625272,4.2247625985741
"891",0.065362236277495,5.46676896308734
"892",0.104373797983159,2.82424202883369
"893",0.0778141601404086,4.25952306950741
"894",0.155518200063322,9.06919934288389
"895",0.0894945572405012,5.99377632891589
"896",0.0619364902423393,5.62053900182568
"897",0.0374147557407219,6.74770120268356
"898",0.112757033441581,3.10235375059925
"899",0.0408447810845971,5.59315623709548
"900",0.0316852055573985,1.78884384676715
"901",0.0939401783533852,3.92585122531508
"902",0.0872191318201064,3.94299393488307
"903",0.0585928842473094,5.53267347904318
"904",0.10323226486763,3.06518160943333
"905",0.113344616321522,5.15906198858852
"906",0.104877721764869,4.37332890122195
"907",0.0987955764399003,5.81007712485133
"908",0.0495069819328735,6.09234467315402
"909",0.0776183311442269,1.84030861910741
"910",0.067430182666162,3.780925849292
"911",0.0463898226385149,5.41559461059257
"912",0.109393820689166,6.01487761988042
"913",0.0265293894601636,4.78834625502848
"914",0.0222404736855276,4.38915166120078
"915",0.0802722221403092,5.68427438542354
"916",0.133305738344198,4.82417389318593
"917",0.0614644639541856,8.62631893293693
"918",0.0613405147193548,2.01768453597674
"919",0.0413900499509466,4.29209224924859
"920",0.0251704084897253,3.40490549483496
"921",0.0601635041974154,5.72541686870969
"922",0.026231892631393,4.13985523185082
"923",0.0314025143942244,4.96408572832457
"924",0.122652591638745,5.74730808309854
"925",0.0319723496930869,7.98283368730944
"926",0.0534677091060992,5.59710081312171
"927",0.0832276076987257,3.63332562969432
"928",0.0843745064165406,3.91554213102048
"929",0.0723547118547758,9.72431714295925
"930",0.0797455559586129,8.49192628815725
"931",0.0756127067678148,4.60295190998826
"932",0.0714115430654153,9.02024670361664
"933",0.0434140937040626,4.36990106789585
"934",0.0510480830964044,5.57777239356237
"935",0.0438012874850625,6.32732291543647
"936",0.0152388634097138,4.56401446572715
"937",0.0739762261638303,7.67262488394309
"938",0.0720749756132969,2.54941698497675
"939",0.104596342706795,5.7720769874826
"940",0.103297885030762,5.73743790241031
"941",0.134709107028939,3.94336661951435
"942",0.122383690983037,3.74805530797054
"943",0.0612764918555858,6.44078387822352
"944",0.0434459230225164,9.01110744679723
"945",0.0280121709814844,6.78526857401522
"946",0.0543970801771414,6.17462745245905
"947",0.151371724767853,2.88925938808243
"948",0.0800721274656627,7.71096373252689
"949",0.0342871625763502,3.35104013890719
"950",0.0670531139414181,4.44726782225049
"951",0.034138410058657,4.80855730935315
"952",0.0655556599910217,7.54099256097407
"953",0.0166707128007231,5.62406858665762
"954",0.0716302341050952,6.79860040087102
"955",0.14177524713552,5.11367403467839
"956",0.0606394059581854,9.379037567452
"957",0.0560891925128756,4.22533310956901
"958",0.0556748330714719,5.47879800738162
"959",0.0763750153599801,6.06179583029059
"960",0.0901769743401226,5.47289048847052
"961",0.115849552373507,3.51812857291268
"962",0.05490682076593,5.22289306847471
"963",0.0407274658691554,5.95117211948949
"964",0.0907709397299551,5.20595853431958
"965",0.0636789921900972,4.67995556696821
"966",0.0401363503357984,6.23865483476887
"967",0.0913465113751135,3.51919847966067
"968",0.117470972560642,2.77897870514687
"969",0.116179723954141,3.78265171403882
"970",0.137459034272242,8.01677030942536
"971",0.0267944076545925,4.07396083284793
"972",0.0236902112065032,3.2447312023432
"973",0.0675438537943528,5.70432464846915
"974",0.0463262908924561,5.37964849248569
"975",0.0533002357538811,4.93388696564341
"976",0.055588665981365,3.58681852392616
"977",0.106166861450009,5.82984834186074
"978",0.243606599752971,6.57519799590015
"979",0.0975866163713982,6.94398493674612
"980",0.0775837356127994,2.79432477234627
"981",0.0204616922429474,10.1722042121413
"982",0.0207984807643585,6.57198410523227
"983",0.0738619377746912,3.61337337005785
"984",0.249298684496663,3.63526708702152
"985",0.0746805256662729,7.87487783603378
"986",0.0769110687807857,6.3764177677111
"987",0.128941635203324,6.56901018528369
"988",0.0119301000364984,8.31716173605269
"989",0.0619388820263724,9.81880740853387
"990",0.0263305124233837,6.69618773824365
"991",0.0724447445140701,6.25214275403281
"992",0.0266697108202735,9.88223468119222
"993",0.0972040725917213,5.09311390342072
"994",0.0746722212508634,6.01722457649536
"995",0.0541711073541075,1.53137242213548
"996",0.0142756344841247,8.63118014938984
"997",0.0765280545528842,6.43752025861405
"998",0.06846267296458,5.71668677273798
"999",0.128672370277765,4.57642741885404
"1000",0.0898065719060265,5.17006718301612
"1001",0.17260490025515,6.11394605096697
"1002",0.0384690419162204,7.92219892185945
"1003",0.0675814553854059,7.50195480544091
"1004",0.0309715788623861,3.75022640789146
"1005",0.117748830766674,3.88394879876795
"1006",0.0859464304318817,8.55491487060949
"1007",0.123871665758293,4.80003394057461
"1008",0.0195227697081684,1.9020040572196
"1009",0.157049821629867,9.25734580641127
"1010",0.0684511046889886,6.45370477388533
"1011",0.0217410289486386,10.0721873658453
"1012",0.118610425615773,7.09632805413689
"1013",0.04568504147092,8.01662359226506
"1014",0.0152538133999896,3.11779761294731
"1015",0.138806244034205,7.79421280672946
"1016",0.0288597911407396,4.99420020119638
"1017",0.211754388621552,3.44558970755374
"1018",0.024672603393082,5.81528621215237
"1019",0.03477356972091,7.9402110761969
"1020",0.121250270442192,3.77280759006053
"1021",0.135000994075135,4.61100602219313
"1022",0.0592330683213548,1.96408232755138
"1023",0.0966108414542811,4.72844457694556
"1024",0.0571892910409776,3.91829323538878
"1025",0.106088342952539,6.47590798295668
"1026",0.0499436012816809,4.47054149054705
"1027",0.039217789618236,7.47002185781176
"1028",0.113214946565255,3.4062397438497
"1029",0.0755768693779887,3.61141201635978
"1030",0.0159527392048488,7.20042154610617
"1031",0.0335658290288067,4.53352061285458
"1032",0.0374628514613886,7.64037171635173
"1033",0.0250799953046311,5.68485930207794
"1034",0.0799212270919968,5.64905912338826
"1035",0.0402010779353518,5.7140899893828
"1036",0.0310490889300848,4.50479547546304
"1037",0.106739989242304,9.02936705747495
"1038",0.0596666133607189,6.00192611919386
"1039",0.0696230629342055,4.98896678705509
"1040",0.0374788713536053,4.46100358808466
"1041",0.189797731569814,6.1504504818593
"1042",0.0323944564556784,4.2665671538762
"1043",0.0452253036358541,2.67699817822462
"1044",0.0451837835946314,4.4211875901255
"1045",0.0928662539059318,3.26051230340154
"1046",0.0761962848107293,16.4780188603921
"1047",0.135904948841102,4.34115995182534
"1048",0.0658170241006259,4.12277869458453
"1049",0.0163575094940086,4.89737066036925
"1050",0.0945426552027476,8.57794328221632
"1051",0.114190089626621,3.63736891691061
"1052",0.0371611870976765,5.5901992459194
"1053",0.069933476998195,3.32173151217989
"1054",0.0406341662670174,3.13732717035339
"1055",0.0420781562605204,6.72957924321979
"1056",0.0582280471224133,6.63070697775955
"1057",0.0932347930144078,3.65434263534301
"1058",0.0232149202870273,5.15209098608769
"1059",0.0337696246541924,11.424104368805
"1060",0.161965935686579,6.98324337210669
"1061",0.0281643014105906,2.85780432087749
"1062",0.0958240183364226,6.36832398570956
"1063",0.0338197208936223,6.53714216573557
"1064",0.116873737490058,4.91964967550941
"1065",0.0909120566160546,10.5703813024486
"1066",0.0416978948612217,6.64265546709918
"1067",0.0244675738576515,8.66048851552374
"1068",0.0315747625310101,4.98405088655262
"1069",0.0352536277822892,10.4044351208929
"1070",0.0765094589979569,7.32145511566687
"1071",0.0190096112596835,8.79615206410413
"1072",0.0178765265980046,3.92864273030279
"1073",0.0682089215431505,6.25998934023659
"1074",0.0561415436750147,4.69888535371508
"1075",0.0540687386749108,3.76070389897601
"1076",0.0433561054445204,3.69537040545851
"1077",0.0556675348751159,4.12337150885297
"1078",0.041723998216898,4.01122496004853
"1079",0.0490669212871743,6.06356929177572
"1080",0.0234403728282918,5.12145232399634
"1081",0.0658555673931629,3.87172381393466
"1082",0.0665786480735254,8.27247476715475
"1083",0.0240485875757573,8.84541200942532
"1084",0.0241962187798028,2.52049610062168
"1085",0.0743135230918713,3.18505021156718
"1086",0.0960451527956983,3.19748277756601
"1087",0.036779286440693,11.6129184860018
"1088",0.167047299988246,5.75937922249814
"1089",0.0328789304801392,5.9418259252328
"1090",0.0526645113842886,3.44644051316246
"1091",0.0601071146131613,4.84497584423019
"1092",0.243558363169739,10.0442059406422
"1093",0.116891405809764,4.94047677565007
"1094",0.030077348498856,7.81785483898705
"1095",0.0950414926184248,3.80330461658994
"1096",0.0457332397448455,4.50044514781234
"1097",0.0855771494049425,2.64458748692714
"1098",0.0174692006040761,3.21437545372216
"1099",0.0512575645552795,3.42462469923082
"1100",0.012883746202972,9.10444720776755
"1101",0.0288465039602182,7.59466394642403
"1102",0.106300536058892,3.07911627707897
"1103",0.0914651743963595,4.94901913956769
"1104",0.0434946678054741,3.09720462095869
"1105",0.0892060860737732,4.44749893102866
"1106",0.0477564587621179,5.89893077456723
"1107",0.10258766778358,8.18500977260006
"1108",0.0547939831200828,4.09484504891611
"1109",0.065299766789303,8.57032049692647
"1110",0.134958336609305,6.72881536113065
"1111",0.157459256377643,3.41912120872521
"1112",0.0323873252247341,3.98795753759946
"1113",0.0453022538873712,3.05886133618624
"1114",0.0407907292636494,2.23851849136666
"1115",0.022752330925119,5.27940296315462
"1116",0.201476375717468,3.53959602124925
"1117",0.0311336981522868,5.53732382420902
"1118",0.0419176207319371,4.06923206976113
"1119",0.216369597430058,4.02165092452606
"1120",0.0774256440056049,4.93435355533279
"1121",0.0335703053794611,6.42160774556589
"1122",0.0227738115447082,4.1893007976569
"1123",0.0719199663179644,6.73605187669373
"1124",0.0735058745796739,7.38618264697117
"1125",0.0298093167142666,3.69857508082278
"1126",0.0686286112769796,3.84229252045672
"1127",0.104847200148131,6.2991902572625
"1128",0.0300327039011435,3.2606744425074
"1129",0.00854204909133272,6.62985273983624
"1130",0.0495324850072484,5.40240716267668
"1131",0.0591894440194768,2.24304175092743
"1132",0.049694277537738,7.76545924448856
"1133",0.160718763876097,3.17505545574361
"1134",0.0301041461127975,4.58161785639312
"1135",0.0499331048335245,6.541875848856
"1136",0.0837114653073106,7.68687496134575
"1137",0.104672529621856,8.11141434669321
"1138",0.0371502478824987,3.88221704301819
"1139",0.107767127074092,5.02982277429672
"1140",0.0348426039322032,8.44320178390676
"1141",0.103323127441955,3.97371240194108
"1142",0.139814850504781,4.61282622700012
"1143",0.0690417570350437,4.7933650460274
"1144",0.0723116848377245,8.04965127725735
"1145",0.0674382402508305,4.80251078813716
"1146",0.0347799575460063,4.46738852614034
"1147",0.0438656868508673,7.01012692395707
"1148",0.0436813025027359,4.0148727917658
"1149",0.110428205754298,4.15085157363512
"1150",0.0412961325585456,8.05598831980241
"1151",0.05437606544091,13.8689501478587
"1152",0.0322142978088574,3.65615859506324
"1153",0.0331856925417325,2.58271533960294
"1154",0.14403460889286,4.084580616151
"1155",0.0319680484289688,4.98813023250979
"1156",0.0287751258647755,4.66697020412118
"1157",0.0447657342227131,7.68142756673
"1158",0.0214519911479522,11.1748530894501
"1159",0.0309604764952436,5.51329484850525
"1160",0.0848650035518228,4.04955982912927
"1161",0.121056645553181,5.45291286637214
"1162",0.129465545186707,4.99321608069661
"1163",0.0707767653090002,5.66979489820885
"1164",0.123420295614762,4.10843887937655
"1165",0.113613159210963,7.65327407367176
"1166",0.115188346489541,7.1353037769133
"1167",0.135228221735987,6.87400986250301
"1168",0.0517053235267795,9.61373101111555
"1169",0.115336318122449,8.93378370778677
"1170",0.0898415469864952,2.88059488925976
"1171",0.0828071208111059,6.04041558074057
"1172",0.331599428906613,4.78160836773266
"1173",0.0571737481009152,6.99285003472521
"1174",0.0595281266669784,4.84080884270717
"1175",0.121096722757291,4.46448405193854
"1176",0.0533277390636229,4.99438587127444
"1177",0.109908382265559,11.2571124556672
"1178",0.0960791543533029,5.98651565496853
"1179",0.156742404165906,6.13164892662645
"1180",0.0954645409649066,6.30178118015519
"1181",0.0393910468244968,5.38982320408294
"1182",0.0540545065845802,6.64551829386417
"1183",0.0217846946073959,5.28988522387944
"1184",0.0885841343880332,4.68372127461121
"1185",0.0451097473855012,7.82095887498845
"1186",0.106525394897237,2.48981839279534
"1187",0.0757544563685645,4.58452157534262
"1188",0.0739566205531246,6.44014801311888
"1189",0.123342634729655,3.60813923329735
"1190",0.0848832909477146,3.70807504850094
"1191",0.0478739916466092,4.93881473973414
"1192",0.0505917317023782,7.29874995280017
"1193",0.245571966264578,9.72399195089561
"1194",0.0238651875237335,3.73791442157413
"1195",0.0569790553681342,5.25752018372334
"1196",0.0652304085768591,4.45072207424857
"1197",0.0319531568833942,5.46092893151737
"1198",0.0454737152716152,6.27379469934575
"1199",0.0687866407892476,8.58722594839654
"1200",0.105659636312914,4.24964222453208
"1201",0.0639284078520071,8.82896186592412
"1202",0.0923317952201663,2.41997062170996
"1203",0.102691343824043,6.01359097250282
"1204",0.0359396214226955,3.83327041424557
"1205",0.0218135848194329,6.82757783790951
"1206",0.0651218668397168,7.59428864227643
"1207",0.0572578725012338,2.72993953881866
"1208",0.0439296198374001,4.99951800487994
"1209",0.135854336802222,5.86684649956625
"1210",0.0464124823169435,6.15610446566771
"1211",0.114143416124022,4.61889090607782
"1212",0.0320058664626071,6.00802398700793
"1213",0.159435093550101,5.95349476507519
"1214",0.0418760629231058,3.67737844162633
"1215",0.154764473480664,7.31512836263975
"1216",0.0390955506497619,8.04889616608664
"1217",0.0356896737734513,4.99619924525279
"1218",0.0290509623114475,2.26044033845258
"1219",0.0299554231642608,3.91793942897824
"1220",0.0547659417901275,5.27625206023813
"1221",0.0487440408237143,2.61002478563588
"1222",0.0400696241085597,4.68902659088501
"1223",0.0642380150547807,7.90648805940303
"1224",0.0603349748109501,3.61808043557645
"1225",0.275293507602958,3.94560465937279
"1226",0.105350144438824,5.82352465302816
"1227",0.0803180685338884,3.63154134644295
"1228",0.0194644027130639,6.68959469385708
"1229",0.0562804074266238,5.69805717213222
"1230",0.0468647073108751,4.28782731400703
"1231",0.144081545754139,3.60930946994629
"1232",0.0620835408348956,3.91113626389002
"1233",0.100808749694754,3.1498180588332
"1234",0.0466340329419274,14.6220210497085
"1235",0.0565753811617896,3.5505992196687
"1236",0.00635815064948302,3.53351835577267
"1237",0.0551275417663058,9.44430713469386
"1238",0.0926416002672414,4.72965886891083
"1239",0.0378538558866764,5.26280331418174
"1240",0.0236095324552519,5.25499170388613
"1241",0.0270200433274614,4.38808913496415
"1242",0.111964684385777,13.4301869807844
"1243",0.0791088102940904,4.34157342364873
"1244",0.0454083323410668,7.15912520742399
"1245",0.0400131107774248,7.55325070615791
"1246",0.0770425590826224,4.15937189455318
"1247",0.0792721733452561,11.199775669787
"1248",0.216842052550897,3.88434494600391
"1249",0.041106488959324,4.35315084870435
"1250",0.0333021635648392,10.1315772671962
"1251",0.0828669787349356,4.58209634642917
"1252",0.0693855365138425,4.54194844758442
"1253",0.0378101003375855,6.01552705008056
"1254",0.129112076276226,4.19822455225698
"1255",0.0191148039255541,8.16623893459198
"1256",0.0796191787959776,3.31030721723252
"1257",0.0592100168483129,2.96622176512708
"1258",0.0565798847939859,5.88734829358661
"1259",0.0561645279428781,7.16366293755454
"1260",0.0819357288651456,4.44218717242155
"1261",0.0476302555195798,3.75291219446639
"1262",0.0605701745158976,8.43471624995197
"1263",0.0387417448958297,10.1168275132224
"1264",0.0271346247546512,2.55252895573598
"1265",0.032496745430171,10.0789961880379
"1266",0.0546905938753067,3.79168052594339
"1267",0.0354303334795176,8.37780239253208
"1268",0.0894818388072348,4.4216571937356
"1269",0.10602848580927,4.44743669389417
"1270",0.0487820180000985,2.9206401189348
"1271",0.0216690727249252,7.25186753949296
"1272",0.056855485328541,3.57823026307142
"1273",0.286727647239008,6.49424582369566
"1274",0.0864973708007526,2.95886865710904
"1275",0.0918740580219048,10.2905509614971
"1276",0.0655720369998865,2.4212222317648
"1277",0.0308104534902936,4.21665496777317
"1278",0.0487628766710435,3.64657497904612
"1279",0.129245671046113,5.00248271691418
"1280",0.0679861237586458,9.38654531233379
"1281",0.0843053194222924,6.04890719224429
"1282",0.0935484495814426,8.68667840646511
"1283",0.0126023690981866,3.00193318354136
"1284",0.0652882498838592,7.88796184940429
"1285",0.0531756237013709,7.93752046439719
"1286",0.060741559399442,9.39316720484593
"1287",0.0828171010245958,4.06363058075196
"1288",0.04805834856835,5.42697612916651
"1289",0.0601197749399791,10.0725522624281
"1290",0.128971418018002,10.1697974855793
"1291",0.10538931356201,5.14424421959102
"1292",0.0860502894463104,7.26516132039019
"1293",0.0725288184601408,6.99207441239569
"1294",0.0153301043483906,4.80382863684115
"1295",0.0254825554923149,4.50791947026029
"1296",0.155988355349769,6.93471710396117
"1297",0.0943999389853415,6.57423357803028
"1298",0.136313939702691,3.97989532908006
"1299",0.0342057279671933,10.3815643506365
"1300",0.0310342243335077,7.66694307639105
"1301",0.0283444613373497,10.7666948135079
"1302",0.0360539670557487,5.61667727177649
"1303",0.0927575267843256,7.26249471507062
"1304",0.130588539808333,5.86811537994639
"1305",0.0464549545356479,2.53847267532722
"1306",0.0766549137428584,5.28494804476014
"1307",0.0860284717286397,3.28404704411368
"1308",0.0730683498366533,8.75775090841341
"1309",0.0338479041457983,4.13306233734202
"1310",0.0242444912474691,9.39113755840465
"1311",0.00879048194283068,7.22735069263546
"1312",0.0510871768456885,4.34824740215525
"1313",0.0308765480804043,3.77872145448507
"1314",0.103565978642477,6.75565321548593
"1315",0.0261619260224672,3.51001687447144
"1316",0.0390116617055548,4.48108318346563
"1317",0.0643841418720915,7.5564156031596
"1318",0.0341899187233046,6.62216505090189
"1319",0.0401780740435639,3.28072584787917
"1320",0.189597514983408,6.56198867973388
"1321",0.0255595516496694,5.27771540888691
"1322",0.0853622421134275,6.12719009347156
"1323",0.129042612539732,2.64497974690184
"1324",0.0486203653657378,7.8810150091272
"1325",0.0640983482344118,4.76167121504396
"1326",0.0626744319572585,7.67639097283025
"1327",0.0940729104562407,5.90194029008951
"1328",0.0581478360562903,4.65134314562422
"1329",0.123786243932128,5.89535265210562
"1330",0.0378991247900108,10.3734720558647
"1331",0.123219492961096,9.94876705810225
"1332",0.0372402941258257,4.86327548081952
"1333",0.0494310459579453,4.75759555424133
"1334",0.183107344213103,8.33363402550232
"1335",0.100651907308044,4.38956786104164
"1336",0.0334073541210357,6.83887521593365
"1337",0.059892053116151,2.62019670070358
"1338",0.0515652387451143,7.83992040244348
"1339",0.144022097979176,5.12766991801771
"1340",0.0411606068040529,8.10782894022067
"1341",0.336481581267859,4.69008225241163
"1342",0.0492637477821033,6.55545145720079
"1343",0.0548891284287782,10.1641321127578
"1344",0.044893653882719,8.87586492605385
"1345",0.0765695134854104,3.13448716249703
"1346",0.0264011309687472,3.01338513890345
"1347",0.0368769493085584,3.77283510676378
"1348",0.0454407864647612,6.15254116457631
"1349",0.0653889858391855,4.54569953815736
"1350",0.0839651369463306,4.30969434771935
"1351",0.0276582622297864,5.45430382338508
"1352",0.0687083637302953,6.20909534250004
"1353",0.0399832711794053,3.0593254621409
"1354",0.0545998866561805,5.13011075899392
"1355",0.0619528674743341,5.16968054278997
"1356",0.0239089454987333,9.19870904992318
"1357",0.0256317468949027,12.0424820875054
"1358",0.0489861871085073,5.4697321820511
"1359",0.0218511036704166,4.13263041683724
"1360",0.148191606280021,6.88878735596348
"1361",0.102481261751114,4.04631149805069
"1362",0.0285578860961229,4.17739327340323
"1363",0.0191072284199679,5.33973704430736
"1364",0.0710331263079027,4.06449181722458
"1365",0.0375125489166968,6.20569692624118
"1366",0.13355329861003,6.85868883559972
"1367",0.0554524833312659,3.04407732765003
"1368",0.011128753761268,5.81045282143201
"1369",0.102428835843426,2.68838113983416
"1370",0.230965786964361,4.49987590039031
"1371",0.0829654240730132,3.89971007968057
"1372",0.0274187763121374,4.46802468695808
"1373",0.0698413990362125,6.25296610608261
"1374",0.0537172461271344,3.63246919882736
"1375",0.0225064001872557,6.86921958051463
"1376",0.0880242926685142,6.56894650240488
"1377",0.0472859415042152,11.266724992357
"1378",0.0758370118374873,8.87701035711449
"1379",0.0516421849355021,4.84679784552675
"1380",0.0433591707451931,2.64168207655469
"1381",0.0267258955852585,3.50033656798303
"1382",0.083910026147248,3.64176401764264
"1383",0.140128588587987,5.34331635944454
"1384",0.0563310178430545,5.63123181230579
"1385",0.0659687106278565,3.84092840237194
"1386",0.0774878869701425,12.1318863678837
"1387",0.134012033511867,4.8076130044589
"1388",0.0207746976872774,8.14863099679108
"1389",0.0710485185327786,11.1849302257707
"1390",0.0348550615261156,5.80217847410308
"1391",0.27764186482566,3.76144092305509
"1392",0.0426852432893356,8.39128843848104
"1393",0.103443222124057,4.78370625106396
"1394",0.0286305896695103,3.86626813073697
"1395",0.135875197072432,3.23287975450328
"1396",0.0606163951857435,5.33262185719223
"1397",0.0806348401291779,3.23117171740898
"1398",0.103766506547803,5.75387408010854
"1399",0.0143325093001659,5.02825668447307
"1400",0.0845156947180067,7.25492922335635
"1401",0.0938974698863523,4.84995157255201
"1402",0.106703924771826,7.04380893697738
"1403",0.0477593561573367,5.11806971327245
"1404",0.0306398050017837,6.19795832191573
"1405",0.0620851047308872,4.47982987791204
"1406",0.056684172361969,7.34900920524923
"1407",0.105435194144612,3.52988000731985
"1408",0.0881254930869297,4.86709197355824
"1409",0.0391158655824587,4.59632352616285
"1410",0.0506763883753254,3.13252152536117
"1411",0.209901063642707,6.8153438506584
"1412",0.0602872930273618,4.63928035897812
"1413",0.0290560854660381,3.89865923941804
"1414",0.0870485090298216,6.61457290497371
"1415",0.0386258980494903,2.71824330581695
"1416",0.0524806910989296,5.1734478248975
"1417",0.0377605191971488,7.86082995718478
"1418",0.0353545944468403,3.22580139572331
"1419",0.0584816310973836,5.17654207421804
"1420",0.0920713344248919,8.77310721842865
"1421",0.0355617459426435,5.23210222587788
"1422",0.0209305719177174,4.06251396564638
"1423",0.0384896986552836,12.5145587906051
"1424",0.182891634574915,4.36604949691515
"1425",0.057196243121932,4.73395568489091
"1426",0.0536905737496276,2.0247456620175
"1427",0.0220421379665967,3.3754832620482
"1428",0.0779344399679879,5.79992636296741
"1429",0.104575599244456,5.08967472588759
"1430",0.0777087655979025,6.80967062460481
"1431",0.0626901736622741,5.73874089915852
"1432",0.117682679088881,2.27414129353577
"1433",0.0358122890174711,5.06853533686786
"1434",0.0720525208012571,7.20726648659544
"1435",0.121542464178925,6.18654865531918
"1436",0.0838254047756986,3.49713921184195
"1437",0.0588605438155901,3.3579767083395
"1438",0.142738892809669,3.14678775153991
"1439",0.0274741684043773,4.5741781903771
"1440",0.13300199337372,7.09879726661894
"1441",0.0969887694289077,6.3375250221346
"1442",0.0247039593126898,4.41303856312836
"1443",0.0603119330305013,6.356369884103
"1444",0.0144184701053083,6.87265252023068
"1445",0.0464837816531015,7.47462884608108
"1446",0.0603575202478848,5.34991867335631
"1447",0.0682994110456585,6.24417437576943
"1448",0.0844276546005054,3.72102528497558
"1449",0.0806824268380589,5.27696611131552
"1450",0.174724929436118,7.75629178033013
"1451",0.0499910184316149,4.6417231714638
"1452",0.0369575984719063,7.86654388473561
"1453",0.0889507565207204,7.04992922229779
"1454",0.0890390366433427,5.42273454197651
"1455",0.112114698648351,4.64501195134097
"1456",0.126941925246715,10.2772202778327
"1457",0.1199038783816,8.04969339610309
"1458",0.0243531509058674,6.73040402791421
"1459",0.0809925348768129,3.67405374256141
"1460",0.131753614273157,3.66874321485928
"1461",0.0632675711901462,5.48322727601935
"1462",0.08409607945919,6.38890785895139
"1463",0.0939117380195079,8.20202699574545
"1464",0.134552829479845,4.2342933569705
"1465",0.0494169667843793,4.64176639246527
"1466",0.118011584590243,4.83628045433374
"1467",0.0183264218616037,6.92801856080223
"1468",0.0256125831004288,6.87407698971411
"1469",0.0727529176435381,8.96161358730294
"1470",0.035734894623722,10.1964920628542
"1471",0.176088610463409,6.32412978048703
"1472",0.0440309414698449,4.3965261308193
"1473",0.120836667914777,2.97491978980448
"1474",0.0249395161522595,8.01739554726612
"1475",0.039540111561185,4.04913178020045
"1476",0.0318137747791606,5.30513130872053
"1477",0.0479239233317124,10.9125394254452
"1478",0.0630831033921365,6.10967091685187
"1479",0.058144564070177,7.079018550408
"1480",0.0251106133077204,3.0747605342061
"1481",0.0559878204395901,5.61009515652536
"1482",0.058277258388118,5.10206496241886
"1483",0.100802804064,6.03494412692758
"1484",0.0210620014545065,7.61708807660878
"1485",0.158668880125829,6.16395479478687
"1486",0.0767662910595507,2.71186645103198
"1487",0.0904988169378543,4.57468417689793
"1488",0.150841888200447,3.75703071776616
"1489",0.0452716190421297,6.28614093833588
"1490",0.152510388244292,3.09593888678157
"1491",0.0338324597144601,3.7770988313349
"1492",0.159257371063537,4.06429379842076
"1493",0.0218680238827502,4.51959483311702
"1494",0.059006925745804,5.87860529364868
"1495",0.144348654343116,3.77582928357527
"1496",0.0434873542713954,3.79483359475608
"1497",0.101853620049072,4.17920472385622
"1498",0.0430503421778531,4.70228792799181
"1499",0.0259802709984734,7.0847200149403
"1500",0.0330830086609502,4.46136517143807
